2026-05-13	bun-v1.3.14	false
2026-04-20	bun-v1.3.13	false
2026-04-10	bun-v1.3.12	false
2026-03-18	bun-v1.3.11	false
2026-02-26	bun-v1.3.10	false
2026-02-08	bun-v1.3.9	false
2026-01-29	bun-v1.3.8	false
2026-01-27	bun-v1.3.7	false
2026-01-13	bun-v1.3.6	false
2025-12-17	bun-v1.3.5	false
2025-12-07	bun-v1.3.4	false
2025-11-21	bun-v1.3.3	false
2025-11-08	bun-v1.3.2	false
2025-10-22	bun-v1.3.1	false
2025-10-10	bun-v1.3.0	false
2025-09-28	bun-v1.2.23	false
2025-09-14	bun-v1.2.22	false
2025-08-25	bun-v1.2.21	false
2025-08-10	bun-v1.2.20	false
2025-07-19	bun-v1.2.19	false
2025-07-03	bun-v1.2.18	false
2025-06-21	bun-v1.2.17	false
2025-06-12	bun-v1.2.16	false
2025-05-28	bun-v1.2.15	false
2025-05-21	bun-v1.2.14	false
2025-05-10	bun-v1.2.13	false
2025-05-04	bun-v1.2.12	false
2025-04-29	bun-v1.2.11	false
2025-04-17	bun-v1.2.10	false
2025-04-09	bun-v1.2.9	false
2025-03-31	bun-v1.2.8	false
2025-03-27	bun-v1.2.7	false
2025-03-25	bun-v1.2.6	false
2025-03-11	bun-v1.2.5	false
2025-02-26	bun-v1.2.4	false
2025-02-22	bun-v1.2.3	false
2025-02-01	bun-v1.2.2	false
2025-01-27	bun-v1.2.1	false
2025-01-22	bun-v1.2.0	false
2025-01-17	bun-v1.1.45	false
2025-01-17	bun-v1.1.44	false
2025-01-08	bun-v1.1.43	false
2024-12-21	bun-v1.1.42	false
2024-12-20	bun-v1.1.41	false
2024-12-18	bun-v1.1.40	false
2024-12-17	bun-v1.1.39	false
2024-11-29	bun-v1.1.38	false
2024-11-26	bun-v1.1.37	false
2024-11-19	bun-v1.1.36	false
2024-11-19	bun-v1.1.35	false
2024-11-02	bun-v1.1.34	false
2024-10-24	bun-v1.1.33	false
2024-10-21	bun-v1.1.32	false
2024-10-18	bun-v1.1.31	false
2024-10-08	bun-v1.1.30	false
2024-09-20	bun-v1.1.29	false
2024-09-18	bun-v1.1.28	false
2024-09-07	bun-v1.1.27	false
2024-08-24	bun-v1.1.26	false
2024-08-21	bun-v1.1.25	false
2024-08-14	bun-v1.1.24	false
2024-08-14	bun-v1.1.23	false
2024-08-07	bun-v1.1.22	false
2024-07-27	bun-v1.1.21	false
2024-07-13	bun-v1.1.20	false
2024-07-12	bun-v1.1.19	false
2024-07-03	bun-v1.1.18	false
2024-06-25	bun-v1.1.17	false
2024-06-23	bun-v1.1.16	false
2024-06-19	bun-v1.1.15	false
2024-06-19	bun-v1.1.14	false
2024-06-12	bun-v1.1.13	false
2024-06-01	bun-v1.1.12	false
2024-06-01	bun-v1.1.11	false
2024-05-25	bun-v1.1.10	false
2024-05-22	bun-v1.1.9	false
2024-05-10	bun-v1.1.8	false
2024-05-03	bun-v1.1.7	false
2024-04-28	bun-v1.1.6	false
2024-04-26	bun-v1.1.5	false
2024-04-16	bun-v1.1.4	false
2024-04-08	bun-v1.1.3	false
2024-04-06	bun-v1.1.2	false
2024-04-04	bun-v1.1.1	false
2024-04-01	bun-v1.1.0	false
2024-03-29	bun-v1.0.36	false
2024-03-22	bun-v1.0.35	false
2024-03-22	bun-v1.0.34	false
2024-03-18	bun-v1.0.33	false
2024-03-17	bun-v1.0.32	false
2024-03-15	bun-v1.0.31	false
2024-03-04	bun-v1.0.30	false
2024-02-23	bun-v1.0.29	false
2024-02-19	bun-v1.0.28	false
2024-02-17	bun-v1.0.27	false
2024-02-03	bun-v1.0.26	false
2024-01-21	bun-v1.0.25	false
2024-01-20	bun-v1.0.24	false
2024-01-16	bun-v1.0.23	false
2024-01-10	bun-v1.0.22	false
2024-01-02	bun-v1.0.21	false
2023-12-24	bun-v1.0.20	false
2023-12-22	bun-v1.0.19	false
2023-12-14	bun-v1.0.18	false
2023-12-12	bun-v1.0.17	false
2023-12-10	bun-v1.0.16	false
2023-12-02	bun-v1.0.15	false
2023-11-23	bun-v1.0.14	false
2023-11-18	bun-v1.0.13	false
2023-11-16	bun-v1.0.12	false
2023-11-08	bun-v1.0.11	false
2023-11-07	bun-v1.0.10	false
2023-11-05	bun-v1.0.9	false
2023-11-03	bun-v1.0.8	false
2023-10-20	bun-v1.0.7	false
2023-10-12	bun-v1.0.6	false
2023-10-11	bun-v1.0.5	false
2023-10-03	bun-v1.0.4	false
2023-09-22	bun-v1.0.3	false
2023-09-15	bun-v1.0.2	false
2023-09-12	bun-v1.0.1	false
2023-09-08	bun-v1.0.0	false
2023-08-25	bun-v0.8.1	false
2023-08-24	bun-v0.8.0	false
2023-08-06	bun-v0.7.3	false
2023-08-04	bun-v0.7.2	false
2023-07-29	bun-v0.7.1	false
2023-07-21	bun-v0.7.0	false
2023-07-12	bun-v0.6.14	false
2023-07-04	bun-v0.6.13	false
2023-06-30	bun-v0.6.12	false
2023-06-27	bun-v0.6.11	false
2023-06-27	bun-v0.6.10	false
2023-06-13	bun-v0.6.9	false
2023-06-10	bun-v0.6.8	false
2023-06-03	bun-v0.6.7	false
2023-06-01	bun-v0.6.6	false
2023-05-30	bun-v0.6.5	false
2023-05-27	bun-v0.6.4	false
2023-05-22	bun-v0.6.3	false
2023-05-17	bun-v0.6.2	false
2023-05-16	bun-v0.6.1	false
2023-05-16	bun-v0.6.0	false
2023-04-04	bun-v0.5.9	false
2023-03-20	bun-v0.5.8	false
2023-02-24	bun-v0.5.7	false
2023-02-09	bun-v0.5.6	false
2023-02-03	bun-v0.5.5	false
2023-02-01	bun-v0.5.4	false
2023-01-31	bun-v0.5.3	false
2023-01-31	bun-v0.5.2	false
2023-01-20	bun-v0.5.1	false
2023-01-18	bun-v0.5.0	false
2022-12-23	bun-v0.4.0	false
2022-12-07	bun-v0.3.0	false
2022-10-27	bun-v0.2.2	false
2022-10-19	bun-v0.2.1	false
2022-10-13	bun-v0.2.0	false
2022-09-18	bun-v0.1.13	false
2022-09-18	bun-v0.1.12	false
2022-09-07	bun-v0.1.11	false
2022-08-19	bun-v0.1.10	false
2022-08-18	bun-v0.1.9	false
2022-08-11	bun-v0.1.8	false
2022-08-06	bun-v0.1.7	false
2022-08-01	bun-v0.1.6	false
2022-07-23	bun-v0.1.5	false
2022-07-22	canary	true
2022-07-13	bun-v0.1.4	false
2022-07-11	bun-v0.1.3	false
2022-07-07	bun-v0.1.2	false
2022-07-05	bun-v0.1.1	false
2022-05-17	bun-v0.0.83	false
2022-05-11	bun-v0.0.81	false
2022-05-04	bun-v0.0.79	false
2022-04-10	bun-v0.0.78	false
2022-04-08	bun-v0.0.76	false
2022-03-17	bun-v0.0.72	false
2022-02-25	bun-v0.0.71	false
2022-02-06	bun-v0.0.69	false
2022-01-23	bun-v0.0.68	false
2022-01-04	bun-v0.0.66	false
2021-12-21	bun-v0.0.56	false
2021-12-17	bun-v0.0.55	false
2021-11-07	bun-v0.0.46	false
2021-11-05	bun-v0.0.45	false
2021-11-03	bun-v0.0.44	false
2021-11-01	bun-v0.0.42	false
2021-10-30	bun-v0.0.41	false
2021-10-29	bun-v0.0.40	false
2021-10-17	bun-v0.0.36	false
2021-10-07	bun-v0.0.34	false
2021-10-05	bun-v0.0.32	false
2021-10-04	bun-v0.0.29	false
2021-10-04	bun-v0.0.28	false
2021-10-01	bun-v0.0.27	false
2021-09-28	bun-v0.0.26	false
2021-09-25	bun-v0.0.24	false
2021-09-25	bun-v0.0.23	false
2021-09-25	bun-v0.0.22	false
2021-09-18	bun-v0.0.21	false
2021-09-17	bun-v0.0.19	false
2021-09-17	bun-v0.0.18	false
2021-09-17	bun-v0.0.17	false
2021-09-16	bun-v0.0.16	false
2021-09-16	bun-v0.0.15	false
2021-09-16	bun-v0.0.0-14	false
2021-09-16	bun-v0.0.0-13	false
2021-09-16	bun-v0.0.0-12	false
2021-09-16	bun-v0.0.0-11	false
2021-09-14	not-quite-v0	false
2021-09-14	bun-v0.0.0-9	false
2021-09-14	bun-v0.0.0-10	false
2021-09-14	bun-build-8	false
