week,week_start,period,all_issues,human_filed,unlabelled,labelled_bug,bug_reports,bug_fixed,canary,canary_fixed,zig_canary,rust_lineage,stable_only,stable_fixed,no_version,no_version_fixed,closed_completed,closed_duplicate,closed_not_planned,open,releases
-26,2025-11-13,pre,137,137,0,122,122,43,6,4,4,2,58,24,58,15,43,61,4,29,
-25,2025-11-20,pre,159,159,4,141,147,33,1,0,0,1,60,15,86,18,34,97,3,25,1.3.3
-24,2025-11-27,pre,103,103,3,87,90,18,3,1,2,1,33,7,54,10,23,50,7,23,
-23,2025-12-04,pre,63,63,4,45,52,22,2,2,0,2,41,15,9,5,24,12,3,24,1.3.4
-22,2025-12-11,pre,50,50,10,25,35,14,0,0,0,0,29,12,6,2,18,7,1,24,1.3.5
-21,2025-12-18,pre,59,58,7,41,48,19,2,1,2,0,43,17,3,1,21,12,2,24,
-20,2025-12-25,pre,47,47,5,32,37,16,4,2,4,0,29,13,4,1,18,10,2,17,
-19,2026-01-01,pre,45,44,8,32,40,19,2,1,2,0,30,15,8,3,19,9,2,15,
-18,2026-01-08,pre,69,69,21,39,61,30,1,0,1,0,48,26,12,4,31,10,2,26,1.3.6
-17,2026-01-15,pre,81,81,11,54,65,32,2,1,2,0,57,31,6,0,35,16,2,28,
-16,2026-01-22,pre,67,67,4,56,60,31,5,1,5,0,50,30,5,0,31,13,1,22,1.3.7
-15,2026-01-29,pre,77,76,16,44,60,28,3,3,3,0,50,22,7,3,29,10,0,38,1.3.8
-14,2026-02-05,pre,87,86,13,67,80,48,1,0,1,0,36,17,43,31,50,12,1,24,1.3.9
-13,2026-02-12,pre,58,58,18,31,49,20,7,3,6,1,39,15,3,2,22,14,4,18,
-12,2026-02-19,pre,87,87,31,47,78,42,8,3,8,0,58,31,12,8,45,10,3,29,
-11,2026-02-26,pre,96,95,29,43,84,37,2,1,2,0,61,26,21,10,37,22,11,26,1.3.10
-10,2026-03-05,pre,66,65,25,33,58,24,2,2,2,0,42,17,14,5,24,9,5,28,
-9,2026-03-12,pre,98,95,39,47,86,41,4,2,3,1,53,25,29,14,42,16,10,30,1.3.11
-8,2026-03-19,pre,62,62,17,39,56,17,9,4,9,0,36,8,11,5,18,12,1,31,
-7,2026-03-26,pre,74,74,18,53,71,36,24,9,24,0,38,23,9,4,36,9,8,21,
-6,2026-04-02,pre,68,68,16,48,64,26,11,5,11,0,45,20,8,1,26,9,2,31,
-5,2026-04-09,pre,101,100,24,72,96,44,26,9,25,1,59,26,11,9,45,14,2,40,1.3.12
-4,2026-04-16,pre,81,81,25,42,67,25,4,2,4,0,48,20,15,3,27,5,9,40,1.3.13
-3,2026-04-23,pre,53,53,18,29,47,20,3,3,3,0,35,13,9,4,21,2,8,22,
-2,2026-04-30,pre,76,76,25,41,66,28,7,6,7,0,54,20,5,2,28,4,11,33,
-1,2026-05-07,pre,93,93,34,49,83,23,15,2,15,0,58,19,10,2,23,4,15,51,1.3.14
0,2026-05-14,post,125,125,50,63,113,47,32,21,23,9,40,12,41,14,49,7,20,49,
1,2026-05-21,post,66,66,34,28,63,27,15,8,0,15,32,10,16,9,28,8,6,24,
2,2026-05-28,post,53,53,21,30,51,18,13,5,0,13,31,9,7,4,18,6,11,18,
3,2026-06-04,post,99,62,59,36,95,32,27,7,1,26,27,8,41,17,32,6,10,51,
4,2026-06-11,post,105,88,43,56,99,29,35,11,0,35,45,12,19,6,29,4,19,53,
5,2026-06-18,post,70,70,25,41,66,31,12,3,0,12,44,23,10,5,32,4,13,21,
6,2026-06-25,post,68,52,38,25,64,31,21,11,0,21,26,13,17,7,33,3,5,27,
7,2026-07-02,post,38,33,23,12,36,18,16,10,1,15,12,6,8,2,18,0,7,13,
8,2026-07-09,post,64,62,36,23,59,22,12,4,0,12,33,11,14,7,22,3,13,26,
9,2026-07-16,post,70,69,35,24,59,25,20,7,0,20,31,16,8,2,27,2,12,29,
10,2026-07-23,post,70,65,40,25,65,24,27,8,0,27,31,14,7,2,25,6,8,31,
11,2026-07-30,post,60,59,38,19,57,24,18,9,0,18,26,14,13,1,24,2,7,27,
12,2026-08-06,partial,36,34,19,14,33,9,13,3,0,13,11,3,9,3,10,0,3,23,
